Player,position_clean,Age,KTC Value,multi_year_prod_score,combined_score,avg_ppg,n_seasons,tier,tier_rank
Bijan Robinson,RB,24.4,9995,8027.4,9404.7,18.760784149169922,3.0,Unclassified,99
Josh Allen,QB,30.1,9988,10000.0,9991.6,24.676687240600586,4.0,Unclassified,99
Ja'Marr Chase,WR,26.3,9980,10000.0,9986.0,21.159181594848633,4.0,Unclassified,99
Jahmyr Gibbs,RB,24.3,9918,8489.2,9489.4,19.840087890625,3.0,Unclassified,99
Jaxon Smith-Njigba,WR,24.4,9589,6968.5,8802.8,14.744705200195312,3.0,Unclassified,99
Drake Maye,QB,23.8,9407,7442.7,8817.7,18.366071701049805,2.0,Unclassified,99
Puka Nacua,WR,25.1,8747,9485.9,8968.7,20.071449279785156,3.0,Unclassified,99
Brock Bowers,TE,23.5,8137,9338.4,8497.4,14.984804153442383,2.0,Unclassified,99
Caleb Williams,QB,24.6,8039,7018.0,7732.7,17.318204879760742,2.0,Unclassified,99
Amon-Ra St. Brown,WR,26.7,7909,9491.0,8383.6,20.08208656311035,4.0,Unclassified,99
Jayden Daniels,QB,25.5,7821,7753.1,7800.6,19.132143020629883,2.0,Unclassified,99
Ashton Jeanty,RB,22.6,7670,6169.0,7219.7,14.417647361755371,1.0,Unclassified,99
Justin Jefferson,WR,27.0,7627,9400.7,8159.1,19.891111373901367,4.0,Unclassified,99
Lamar Jackson,QB,29.5,7599,9154.3,8065.6,22.58988380432129,4.0,Unclassified,99
Jeremiyah Love,RB,21.1,7580,2274.0,5988.2,0.0,0.0,Unclassified,99
Malik Nabers,WR,22.9,7459,8557.4,7788.5,18.106666564941406,1.0,Unclassified,99
Joe Burrow,QB,29.6,7456,8443.8,7752.3,20.83638572692871,4.0,Unclassified,99
Trey McBride,TE,26.6,7348,9243.2,7916.6,14.832107543945312,4.0,Unclassified,99
CeeDee Lamb,WR,27.2,7224,9316.9,7851.9,19.71385955810547,4.0,Unclassified,99
Drake London,WR,24.9,7168,7063.1,7136.5,14.944881439208984,4.0,Unclassified,99
Justin Herbert,QB,28.3,6979,7321.2,7081.7,18.066356658935547,4.0,Unclassified,99
De'Von Achane,RB,24.7,6860,7725.3,7119.6,18.054697036743164,3.0,Unclassified,99
Omarion Hampton,RB,23.3,6837,6451.5,6721.4,15.077777862548828,1.0,Unclassified,99
Patrick Mahomes,QB,30.8,6667,8662.7,7265.7,21.376571655273438,4.0,Unclassified,99
Tetairoa McMillan,WR,23.2,6562,5944.4,6376.7,12.577777862548828,1.0,Unclassified,99
Jaxson Dart,QB,23.1,6462,7695.8,6832.1,18.99077033996582,1.0,Unclassified,99
Trevor Lawrence,QB,26.7,6348,7667.0,6743.7,18.91973114013672,4.0,Unclassified,99
Colston Loveland,TE,22.2,6225,7199.7,6517.4,11.552940368652344,1.0,Unclassified,99
Jalen Hurts,QB,27.9,6170,9388.7,7135.6,23.168283462524414,4.0,Unclassified,99
Emeka Egbuka,WR,23.7,6075,5385.0,5868.0,11.39411735534668,1.0,Unclassified,99
Bo Nix,QB,26.3,6062,7633.8,6533.5,18.83777618408203,2.0,Unclassified,99
James Cook,RB,26.8,6047,6808.6,6275.5,15.912280082702637,4.0,Unclassified,99
Jonathan Taylor,RB,27.4,5988,7746.5,6515.5,18.104228973388672,4.0,Unclassified,99
Carnell Tate,WR,21.4,5947,1784.1,4698.1,0.0,0.0,Unclassified,99
George Pickens,WR,25.3,5921,6569.0,6115.4,13.899497985839844,4.0,Unclassified,99
Tyler Warren,TE,24.1,5852,6910.1,6169.4,11.088234901428223,1.0,Unclassified,99
Brock Purdy,QB,26.5,5837,7783.8,6421.0,19.207735061645508,4.0,Unclassified,99
Garrett Wilson,WR,25.9,5699,6982.7,6084.1,14.774836540222168,4.0,Unclassified,99
Nico Collins,WR,27.3,5585,7785.9,6245.3,16.47435188293457,4.0,Unclassified,99
Ladd McConkey,WR,24.6,5562,6412.2,5817.1,13.567646980285645,2.0,Unclassified,99
Fernando Mendoza,QB,22.7,5545,1663.5,4380.5,0.0,0.0,Unclassified,99
Chris Olave,WR,26.0,5515,7008.8,5963.1,14.83013916015625,4.0,Unclassified,99
TreVeyon Henderson,RB,23.7,5512,4525.3,5216.0,10.576190948486328,1.0,Unclassified,99
Jordan Love,QB,27.6,5502,6954.8,5937.8,17.16217041015625,3.0,Unclassified,99
Quinshon Judkins,RB,22.7,5500,5128.5,5388.5,11.98571491241455,1.0,Unclassified,99
DeVonta Smith,WR,27.6,5481,7043.3,5949.7,14.903096199035645,4.0,Unclassified,99
Kenneth Walker III,RB,25.7,5450,6177.0,5668.1,14.436325073242188,4.0,Unclassified,99
Luther Burden,WR,22.5,5410,3894.8,4955.4,8.24117660522461,1.0,Unclassified,99
Jordyn Tyson,WR,21.9,5403,1620.9,4268.4,0.0,0.0,Unclassified,99
Breece Hall,RB,25.1,5398,6936.0,5859.4,16.21013641357422,4.0,Unclassified,99
Cam Ward,QB,24.1,5334,4950.1,5218.8,12.215293884277344,1.0,Unclassified,99
Rome Odunze,WR,24.1,5287,4930.3,5180.0,10.432126998901367,2.0,Unclassified,99
Chase Brown,RB,26.3,5127,5353.2,5194.9,12.511029243469238,3.0,Unclassified,99
Makai Lemon,WR,22.1,5077,1523.1,4010.8,0.0,0.0,Unclassified,99
Christian McCaffrey,RB,30.0,4979,10000.0,6485.3,23.370996475219727,3.0,Unclassified,99
A.J. Brown,WR,29.0,4976,7760.2,5811.3,16.420000076293945,4.0,Unclassified,99
Marvin Harrison Jr.,WR,23.9,4970,5634.1,5169.2,11.921306610107422,2.0,Unclassified,99
Saquon Barkley,RB,29.4,4969,7996.9,5877.4,18.689443588256836,4.0,Unclassified,99
Tee Higgins,WR,27.4,4926,7485.0,5693.7,15.837679862976074,4.0,Unclassified,99
Brian Thomas Jr.,WR,23.7,4904,6237.8,5304.1,13.198627471923828,2.0,Unclassified,99
Dak Prescott,QB,32.9,4892,7930.2,5803.5,19.56908416748047,4.0,Unclassified,99
Zay Flowers,WR,25.8,4889,6311.8,5315.8,13.355338096618652,3.0,Unclassified,99
Tucker Kraft,TE,25.6,4888,6734.6,5442.0,10.8066987991333,3.0,Unclassified,99
Kyren Williams,RB,25.8,4855,7545.1,5662.0,17.63364601135254,4.0,Unclassified,99
Harold Fannin,TE,21.9,4847,7260.2,5571.0,11.649999618530273,1.0,Unclassified,99
Jadarian Price,RB,22.7,4846,1453.8,3828.3,0.0,0.0,Unclassified,99
Tyler Shough,QB,26.8,4823,6644.3,5369.4,16.395999908447266,1.0,Unclassified,99
C.J. Stroud,QB,24.7,4808,6433.0,5295.5,15.874587059020996,3.0,Unclassified,99
Cam Skattebo,RB,24.4,4787,6723.1,5367.8,15.712499618530273,1.0,Unclassified,99
Jaylen Waddle,WR,27.6,4759,6417.9,5256.7,13.57972240447998,4.0,Unclassified,99
Bucky Irving,RB,23.8,4727,6061.6,5127.4,14.166666984558105,2.0,Unclassified,99
Baker Mayfield,QB,31.2,4717,7654.2,5598.2,18.88812828063965,4.0,Unclassified,99
Jameson Williams,WR,25.2,4683,5662.2,4976.8,11.980793952941895,3.0,Unclassified,99
Jared Goff,QB,31.7,4677,7458.2,5511.4,18.404253005981445,4.0,Unclassified,99
Rashee Rice,WR,26.2,4663,7602.5,5544.8,16.08625030517578,2.0,Unclassified,99
Sam Darnold,QB,29.1,4529,6648.6,5164.9,16.40648078918457,3.0,Unclassified,99
Javonte Williams,RB,26.2,4489,5062.9,4661.2,11.83240795135498,3.0,Unclassified,99
Sam LaPorta,TE,25.4,4484,7717.0,5453.9,12.383082389831543,3.0,Unclassified,99
Kyle Pitts,TE,25.7,4477,6070.5,4955.0,9.741045951843262,4.0,Unclassified,99
KC Concepcion,WR,21.8,4467,1340.1,3528.9,0.0,0.0,Unclassified,99
Travis Etienne,RB,27.4,4457,6275.7,5002.6,14.666913032531738,4.0,Unclassified,99
Bryce Young,QB,24.9,4332,5624.9,4719.9,13.880367279052734,3.0,Unclassified,99
Kyler Murray,QB,28.9,4129,7421.3,5116.7,18.313316345214844,3.0,Unclassified,99
Bhayshul Tuten,RB,23.4,4107,2715.6,3689.6,6.34666633605957,1.0,Unclassified,99
Kenyon Sadiq,TE,21.3,4062,1218.6,3209.0,0.0,0.0,Unclassified,99
Derrick Henry,RB,32.5,4004,7924.7,5180.2,18.520788192749023,4.0,Unclassified,99
Alec Pierce,WR,26.2,3995,5353.0,4402.4,11.326587677001953,4.0,Unclassified,99
Jordan Addison,WR,24.4,3964,5966.4,4564.7,12.624519348144531,3.0,Unclassified,99
Daniel Jones,QB,29.1,3918,6917.0,4817.7,17.06874656677246,4.0,Unclassified,99
Christian Watson,WR,27.1,3907,5431.2,4364.3,11.491991996765137,4.0,Unclassified,99
Malik Willis,QB,27.1,3842,1152.6,3035.2,0.0,0.0,Unclassified,99
Josh Jacobs,RB,28.4,3819,7435.0,4903.8,17.376239776611328,4.0,Unclassified,99
Matthew Stafford,QB,38.4,3795,7152.2,4802.2,17.64936065673828,4.0,Unclassified,99
Omar Cooper Jr.,WR,22.5,3700,1110.0,2923.0,0.0,0.0,Unclassified,99
Josh Downs,WR,24.9,3673,4861.8,4029.6,10.287238121032715,3.0,Unclassified,99
Parker Washington,WR,24.3,3668,4422.2,3894.3,9.356969833374023,3.0,Unclassified,99
D.J. Moore,WR,29.2,3634,6728.6,4562.4,14.237255096435547,4.0,Unclassified,99
D'Andre Swift,RB,27.4,3634,5695.8,4252.5,13.311640739440918,4.0,Unclassified,99
Matthew Golden,WR,22.9,3620,2984.2,3429.3,6.314285755157471,1.0,Unclassified,99
Michael Wilson,WR,26.3,3606,4984.0,4019.4,10.545692443847656,3.0,Unclassified,99
Oronde Gadsden,TE,23.0,3601,5429.5,4149.5,8.712499618530273,1.0,Unclassified,99
Eli Stowers,TE,23.2,3585,1075.5,2832.2,0.0,0.0,Unclassified,99
Quentin Johnston,WR,24.8,3583,5050.8,4023.3,10.687088012695312,3.0,Unclassified,99
Ty Simpson,QB,23.5,3568,1070.4,2818.7,0.0,0.0,Unclassified,99
Kyle Monangai,RB,24.1,3555,3598.7,3568.1,8.410526275634766,1.0,Unclassified,99
Terry McLaurin,WR,30.8,3491,6663.1,4442.6,14.098529815673828,4.0,Unclassified,99
Wan'Dale Robinson,WR,25.5,3487,5237.4,4012.1,11.08193588256836,4.0,Unclassified,99
Jayden Higgins,WR,23.5,3455,3893.8,3586.6,8.23888874053955,1.0,Unclassified,99
Denzel Boston,WR,,3452,1035.6,2727.1,0.0,0.0,Unclassified,99
DK Metcalf,WR,28.5,3447,6600.9,4393.2,13.966944694519043,4.0,Unclassified,99
Jayden Reed,WR,26.2,3427,5663.0,4097.8,11.982353210449219,3.0,Unclassified,99
David Montgomery,RB,29.0,3380,5808.2,4108.5,13.574390411376953,4.0,Unclassified,99
Isaiah Likely,TE,26.2,3378,5145.9,3908.4,8.257394790649414,4.0,Unclassified,99
RJ Harvey,RB,25.4,3369,5136.8,3899.3,12.005263328552246,1.0,Unclassified,99
Zach Charbonnet,RB,25.5,3365,3995.5,3554.2,9.337867736816406,3.0,Unclassified,99
Michael Pittman,WR,28.7,3364,6460.5,4293.0,13.669975280761719,4.0,Unclassified,99
Blake Corum,RB,25.6,3358,2133.7,2990.7,4.986666679382324,2.0,Unclassified,99
Ricky Pearsall,WR,25.8,3357,5088.1,3876.3,10.765972137451172,2.0,Unclassified,99
Davante Adams,WR,33.5,3338,8261.2,4815.0,17.479970932006836,4.0,Unclassified,99
Travis Hunter,WR,23.1,3329,4307.5,3622.6,9.114285469055176,1.0,Unclassified,99
Mike Evans,WR,32.8,3328,7754.1,4655.8,16.407047271728516,4.0,Unclassified,99
Jonathon Brooks,RB,22.9,3325,997.5,2626.8,0.0,0.0,Unclassified,99
Xavier Worthy,WR,23.2,3324,5341.4,3929.2,11.301922798156738,2.0,Unclassified,99
Chuba Hubbard,RB,27.0,3302,5142.6,3854.2,12.018848419189453,4.0,Unclassified,99
George Kittle,TE,32.7,3275,9002.9,4993.4,14.44649887084961,4.0,Unclassified,99
Jake Ferguson,TE,27.4,3212,6550.8,4213.6,10.511739730834961,4.0,Unclassified,99
Jaylen Warren,RB,27.6,3204,4664.1,3642.0,10.9005708694458,4.0,Unclassified,99
Jonah Coleman,RB,22.8,3183,954.9,2514.6,0.0,0.0,Unclassified,99
Jalen Coker,WR,24.7,3160,4739.3,3633.8,10.027999877929688,2.0,Unclassified,99
Dalton Kincaid,TE,26.7,3149,6165.9,4054.1,9.89403247833252,3.0,Unclassified,99
Rico Dowdle,RB,28.0,3139,4302.4,3488.0,10.055037498474121,3.0,Unclassified,99
Courtland Sutton,WR,30.7,3111,6392.6,4095.5,13.526253700256348,4.0,Unclassified,99
Romeo Doubs,WR,26.2,3097,5241.0,3740.2,11.089615821838379,4.0,Unclassified,99
Michael Penix Jr.,QB,26.1,3078,5641.0,3846.9,13.920000076293945,1.0,Unclassified,99
Jakobi Meyers,WR,29.6,3074,6494.5,4100.2,13.741844177246094,4.0,Unclassified,99
Jalen McMillan,WR,24.6,3068,5144.2,3690.9,10.884614944458008,1.0,Unclassified,99
Chris Bell,WR,22.0,3053,915.9,2411.9,0.0,0.0,Unclassified,99
Antonio Williams,WR,,3020,906.0,2385.8,0.0,0.0,Unclassified,99
Brenton Strange,TE,25.5,2986,5129.3,3629.0,8.230769157409668,2.0,Unclassified,99
Germie Bernard,WR,22.6,2961,888.3,2339.2,0.0,0.0,Unclassified,99
J.K. Dobbins,RB,27.5,2959,5235.0,3641.8,12.234761238098145,3.0,Unclassified,99
Jacory Croskey-Merritt,RB,25.2,2955,3531.3,3127.9,8.252941131591797,1.0,Unclassified,99
Rhamondre Stevenson,RB,28.3,2940,5620.2,3744.1,13.134913444519043,4.0,Unclassified,99
Khalil Shakir,WR,26.4,2935,5059.8,3572.4,10.706019401550293,4.0,Unclassified,99
Chris Godwin,WR,30.3,2910,7397.3,4256.2,15.652146339416504,4.0,Unclassified,99
Nicholas Singleton,RB,,2909,872.7,2298.1,0.0,0.0,Unclassified,99
Kenneth Gainwell,RB,27.3,2900,3600.0,3110.0,8.413557052612305,4.0,Unclassified,99
Chigoziem Okonkwo,TE,26.8,2829,4611.2,3363.7,7.399358749389648,4.0,Unclassified,99
Tony Pollard,RB,29.2,2821,5797.3,3713.9,13.548843383789062,4.0,Unclassified,99
Mark Andrews,TE,30.8,2782,7739.9,4269.4,12.419875144958496,4.0,Unclassified,99
Elijah Sarratt,WR,,2777,833.1,2193.8,0.0,0.0,Unclassified,99
Isaac TeSlaa,WR,24.4,2769,3985.7,3134.0,8.433333396911621,1.0,Unclassified,99
Tua Tagovailoa,QB,28.3,2768,7069.1,4058.3,17.444204330444336,4.0,Unclassified,99
Rashid Shaheed,WR,27.8,2767,4342.5,3239.6,9.188311576843262,3.0,Unclassified,99
J.J. McCarthy,QB,23.4,2754,5648.2,3622.3,13.938000679016113,1.0,Unclassified,99
Rachaad White,RB,27.4,2750,5351.9,3530.6,12.507901191711426,4.0,Unclassified,99
AJ Barner,TE,24.2,2750,4336.5,3226.0,6.958571434020996,2.0,Unclassified,99
Tyler Allgeier,RB,26.2,2741,3572.7,2990.5,8.34975528717041,4.0,Unclassified,99
Dylan Sampson,RB,21.8,2741,2744.5,2742.0,6.414285182952881,1.0,Unclassified,99
Woody Marks,RB,25.5,2732,3943.6,3095.5,9.216666221618652,1.0,Unclassified,99
Tre Harris,WR,24.3,2731,2312.6,2605.5,4.893333435058594,1.0,Unclassified,99
T.J. Hockenson,TE,29.0,2730,7738.1,4232.4,12.417003631591797,4.0,Unclassified,99
Jaylin Noel,WR,23.8,2726,2705.7,2719.9,5.724999904632568,1.0,Unclassified,99
De'Zhaun Stribling,WR,23.5,2716,814.8,2145.6,0.0,0.0,Unclassified,99
Shedeur Sanders,QB,24.4,2714,4908.5,3372.4,12.112499237060547,1.0,Unclassified,99
Malachi Fields,WR,,2714,814.2,2144.1,0.0,0.0,Unclassified,99
Zachariah Branch,WR,,2709,812.7,2140.1,0.0,0.0,Unclassified,99
Mac Jones,QB,27.8,2672,5110.1,3403.4,12.609912872314453,4.0,Unclassified,99
Braelon Allen,RB,22.4,2672,2144.4,2513.7,5.011765003204346,1.0,Unclassified,99
Terrance Ferguson,TE,23.3,2665,4284.4,3150.8,6.875,1.0,Unclassified,99
Jordan Mason,RB,27.1,2662,3223.1,2830.3,7.5326385498046875,4.0,Unclassified,99
Jacoby Brissett,QB,33.5,2661,5428.4,3491.2,13.395384788513184,3.0,Unclassified,99
Tyrone Tracy,RB,26.6,2660,4616.2,3246.9,10.788431167602539,2.0,Unclassified,99
Gunnar Helm,TE,23.8,2639,3571.7,2918.8,5.731250286102295,1.0,Unclassified,99
Tory Horton,WR,23.6,2634,790.2,2080.9,0.0,0.0,Unclassified,99
Chris Rodriguez,RB,25.8,2633,2518.0,2598.5,5.8847222328186035,3.0,Unclassified,99
Jerry Jeudy,WR,27.2,2611,5889.2,3594.5,12.461169242858887,4.0,Unclassified,99
Jauan Jennings,WR,29.0,2609,5049.4,3341.1,10.684150695800781,4.0,Unclassified,99
Troy Franklin,WR,23.4,2603,3745.4,2945.7,7.924999713897705,2.0,Unclassified,99
Dallas Goedert,TE,31.5,2592,7525.4,4072.0,12.075630187988281,4.0,Unclassified,99
Kaytron Allen,RB,,2588,776.4,2044.5,0.0,0.0,Unclassified,99
Tyjae Spears,RB,25.0,2576,3866.1,2963.0,9.035344123840332,3.0,Unclassified,99
Malik Washington,WR,25.5,2561,2758.9,2620.4,5.837700843811035,2.0,Unclassified,99
Emmett Johnson,RB,,2556,766.8,2019.2,0.0,0.0,Unclassified,99
Adonai Mitchell,WR,23.7,2538,2802.1,2617.2,5.928910255432129,2.0,Unclassified,99
Kayshon Boutte,WR,24.1,2536,4055.9,2992.0,8.581960678100586,2.0,Unclassified,99
Tank Dell,WR,26.7,2530,6443.8,3704.1,13.634614944458008,2.0,Unclassified,99
Ted Hurst,WR,22.0,2517,755.1,1988.4,0.0,0.0,Unclassified,99
Travis Kelce,TE,36.7,2513,10000.0,4759.1,16.046491622924805,4.0,Unclassified,99
Keaton Mitchell,RB,24.4,2502,3124.0,2688.6,7.30118989944458,2.0,Unclassified,99
Jack Bech,WR,23.5,2495,2226.5,2414.4,4.711111068725586,1.0,Unclassified,99
Chris Brazzell II,WR,,2490,747.0,1967.1,0.0,0.0,Unclassified,99
Tre Tucker,WR,25.3,2487,3893.5,2909.0,8.23825740814209,3.0,Unclassified,99
Elic Ayomanor,WR,23.1,2486,3441.2,2772.6,7.28125,1.0,Unclassified,99
Tank Bigsby,RB,24.8,2473,2227.0,2399.2,5.204798221588135,3.0,Unclassified,99
Skyler Bell,WR,24.0,2469,740.7,1950.5,0.0,0.0,Unclassified,99
Pat Bryant,WR,23.6,2453,2992.0,2614.7,6.3307695388793945,1.0,Unclassified,99
Jalen Nailor,WR,27.3,2429,3697.0,2809.4,7.822499752044678,2.0,Unclassified,99
David Njoku,TE,30.0,2418,7572.1,3964.2,12.150496482849121,4.0,Unclassified,99
Chimere Dike,WR,24.5,2416,3441.2,2723.6,7.28125,1.0,Unclassified,99
Elijah Arroyo,TE,23.2,2411,2693.6,2495.8,4.3222222328186035,1.0,Unclassified,99
Dontayvion Wicks,WR,25.0,2410,3716.6,2802.0,7.864065647125244,3.0,Unclassified,99
Keon Coleman,WR,23.1,2408,3748.0,2810.0,7.930476188659668,2.0,Unclassified,99
Ja'Kobi Lane,WR,,2390,717.0,1888.1,0.0,0.0,Unclassified,99
Mason Taylor,TE,22.1,2379,4165.8,2915.0,6.684615612030029,1.0,Unclassified,99
Ollie Gordon,RB,22.4,2378,1950.4,2249.7,4.558333396911621,1.0,Unclassified,99
Kaleb Johnson,RB,22.9,2359,427.9,1779.7,1.0,1.0,Unclassified,99
Kyle Williams,WR,23.6,2358,2495.4,2399.2,5.279999732971191,1.0,Unclassified,99
Max Klare,TE,23.0,2354,706.2,1859.7,0.0,0.0,Unclassified,99
Brian Robinson,RB,27.3,2345,4805.7,3083.2,11.231471061706543,4.0,Unclassified,99
Isiah Pacheco,RB,27.3,2331,4470.3,2972.8,10.447428703308105,4.0,Unclassified,99
Juwan Johnson,TE,29.8,2317,5947.9,3406.3,9.544295310974121,4.0,Unclassified,99
Cade Otton,TE,27.2,2310,5750.2,3342.1,9.226984024047852,4.0,Unclassified,99
Sean Tucker,RB,24.7,2293,2972.8,2496.9,6.947727203369141,2.0,Unclassified,99
Mike Washington Jr.,RB,,2290,687.0,1809.1,0.0,0.0,Unclassified,99
Aaron Jones,RB,31.6,2284,6112.3,3432.5,14.284950256347656,4.0,Unclassified,99
Geno Smith,QB,35.7,2268,6902.9,3658.5,17.034099578857422,4.0,Unclassified,99
Jake Tonges,TE,27.0,2252,6039.3,3388.2,9.690909385681152,1.0,Unclassified,99
Trey Benson,RB,23.9,2252,1675.9,2079.2,3.9166667461395264,1.0,Unclassified,99
Jalen Milroe,QB,23.5,2241,672.3,1770.4,0.0,0.0,Unclassified,99
Hunter Henry,TE,31.6,2237,6117.0,3401.0,9.815634727478027,4.0,Unclassified,99
Anthony Richardson,QB,24.1,2201,6534.0,3500.9,16.12363624572754,1.0,Unclassified,99
Michael Mayer,TE,25.0,2196,3464.6,2576.6,5.559394359588623,3.0,Unclassified,99
Jaylen Wright,RB,23.2,2191,1628.9,2022.4,3.8069443702697754,2.0,Unclassified,99
Pat Freiermuth,TE,27.7,2186,5754.6,3256.6,9.234127044677734,4.0,Unclassified,99
Theo Johnson,TE,25.3,2182,4966.4,3017.3,7.96928596496582,2.0,Unclassified,99
Dalton Schultz,TE,30.0,2174,6758.1,3549.2,10.84445858001709,4.0,Unclassified,99
Brandon Aiyuk,WR,28.3,2172,5667.0,3220.5,11.990864753723145,3.0,Unclassified,99
Carson Beck,QB,,2171,651.3,1715.1,0.0,0.0,Unclassified,99
Deshaun Watson,QB,30.8,2159,5424.3,3138.6,13.385477066040039,2.0,Unclassified,99
MarShawn Lloyd,RB,25.5,2149,644.7,1697.7,0.0,0.0,Unclassified,99
Stefon Diggs,WR,32.6,2148,7817.8,3848.9,16.54189109802246,4.0,Unclassified,99
Kimani Vidal,RB,24.8,2148,2834.4,2353.9,6.624359130859375,2.0,Unclassified,99
Jordan James,RB,22.2,2138,641.4,1689.0,0.0,0.0,Unclassified,99
Marvin Mims,WR,24.3,2122,3377.3,2498.6,7.146063327789307,3.0,Unclassified,99
Tez Johnson,WR,24.1,2101,3639.1,2562.4,7.700000286102295,1.0,Unclassified,99
Jaydon Blue,RB,22.5,2080,624.0,1643.2,0.0,0.0,Unclassified,99
LeQuint Allen,RB,21.9,2061,770.2,1673.8,1.7999999523162842,1.0,Unclassified,99
Justin Fields,QB,27.3,2058,7366.2,3650.5,18.17733383178711,4.0,Unclassified,99
DJ Giddens,RB,22.8,2054,616.2,1622.7,0.0,0.0,Unclassified,99
Rashod Bateman,WR,26.6,2052,3389.6,2453.3,7.172157287597656,3.0,Unclassified,99
Devin Neal,RB,22.9,2041,2852.5,2284.4,6.666666507720947,1.0,Unclassified,99
Alvin Kamara,RB,30.9,2039,7244.2,3600.6,16.930513381958008,4.0,Unclassified,99
Darnell Mooney,WR,28.7,2033,4518.5,2778.6,9.560757637023926,4.0,Unclassified,99
Emanuel Wilson,RB,27.1,2026,1987.8,2014.5,4.645798206329346,3.0,Unclassified,99
Jaylin Lane,WR,24.2,2025,1684.2,1922.8,3.563636541366577,1.0,Unclassified,99
Ja'Tavion Sanders,TE,23.2,2023,3583.3,2491.1,5.75,2.0,Unclassified,99
Trevor Etienne,RB,22.0,2023,670.3,1617.2,1.5666667222976685,1.0,Unclassified,99
Deebo Samuel,WR,30.4,1998,6307.2,3290.8,13.345601081848145,4.0,Unclassified,99
Greg Dulcich,TE,26.2,1985,4926.3,2867.4,7.904999732971191,2.0,Unclassified,99
Ray Davis,RB,26.6,1983,2419.3,2113.9,5.654048442840576,2.0,Unclassified,99
Isaiah Bond,WR,22.3,1981,2075.5,2009.4,4.391666889190674,1.0,Unclassified,99
Aaron Rodgers,QB,42.6,1978,6020.6,3190.8,14.85686206817627,3.0,Unclassified,99
Cole Kmet,TE,27.3,1973,6304.7,3272.5,10.116825103759766,4.0,Unclassified,99
Demario Douglas,WR,25.6,1951,3663.1,2464.6,7.750767230987549,3.0,Unclassified,99
Will Howard,QB,24.8,1949,584.7,1539.7,0.0,0.0,Unclassified,99
Christian Kirk,WR,29.6,1940,5785.2,3093.6,12.240921020507812,4.0,Unclassified,99
Dont'e Thornton,WR,23.6,1927,1586.6,1824.9,3.357142925262451,1.0,Unclassified,99
Xavier Legette,WR,25.4,1923,3405.9,2367.9,7.206666946411133,2.0,Unclassified,99
Kevin Coleman,WR,22.8,1914,574.2,1512.1,0.0,0.0,Unclassified,99
Demond Claiborne,RB,,1910,573.0,1508.9,0.0,0.0,Unclassified,99
Kirk Cousins,QB,37.8,1894,7076.0,3448.6,17.46120262145996,4.0,Unclassified,99
Darnell Washington,TE,24.9,1894,2408.8,2048.4,3.865262746810913,3.0,Unclassified,99
Tyreek Hill,WR,32.3,1880,8800.2,3956.1,18.620479583740234,3.0,Unclassified,99
Calvin Ridley,WR,31.5,1871,5022.4,2816.4,10.626890182495117,3.0,Unclassified,99
Colby Parkinson,TE,27.5,1865,4257.0,2582.6,6.830992221832275,4.0,Unclassified,99
Drew Allar,QB,,1859,557.7,1468.6,0.0,0.0,Unclassified,99
Cade Klubnik,QB,,1856,556.8,1466.2,0.0,0.0,Unclassified,99
Ryan Flournoy,WR,26.7,1827,3040.4,2191.0,6.433333396911621,2.0,Unclassified,99
Evan Engram,TE,31.8,1815,7173.3,3422.5,11.510685920715332,4.0,Unclassified,99
Kaelon Black,RB,,1814,544.2,1433.1,0.0,0.0,Unclassified,99
Jalen Royals,WR,23.4,1801,540.3,1422.8,0.0,0.0,Unclassified,99
Tyquan Thornton,WR,25.9,1800,2760.8,2088.2,5.841667175292969,3.0,Unclassified,99
Isaiah Davis,RB,24.4,1793,2148.6,1899.7,5.02142858505249,2.0,Unclassified,99
Jalen Tolbert,WR,27.3,1792,3326.8,2252.4,7.0391669273376465,3.0,Unclassified,99
Luke Musgrave,TE,25.8,1791,3385.6,2269.4,5.432692527770996,2.0,Unclassified,99
Kendre Miller,RB,24.0,1786,2252.5,1926.0,5.264285564422607,3.0,Unclassified,99
Ben Sinnott,TE,24.0,1760,2212.3,1895.7,3.549999952316284,1.0,Unclassified,99
James Conner,RB,31.2,1756,6651.8,3224.7,15.545832633972168,3.0,Unclassified,99
Justin Joly,TE,,1755,526.5,1386.4,0.0,0.0,Unclassified,99
Cedric Tillman,WR,26.2,1754,3148.7,2172.4,6.66234827041626,3.0,Unclassified,99
Brashard Smith,RB,23.2,1752,1805.7,1768.1,4.21999979019165,1.0,Unclassified,99
Quinn Ewers,QB,23.1,1732,519.6,1368.3,0.0,0.0,Unclassified,99
Cooper Kupp,WR,33.0,1727,7924.1,3586.1,16.76666831970215,4.0,Unclassified,99
Riley Leonard,QB,23.8,1723,516.9,1361.2,0.0,0.0,Unclassified,99
Joe Milton,QB,26.3,1707,512.1,1348.5,0.0,0.0,Unclassified,99
Jarquez Hunter,RB,23.5,1697,509.1,1340.6,0.0,0.0,Unclassified,99
Dawson Knox,TE,29.6,1693,4517.3,2540.3,7.248610973358154,4.0,Unclassified,99
Savion Williams,WR,24.6,1674,1344.3,1575.1,2.844444513320923,1.0,Unclassified,99
Oscar Delp,TE,22.9,1672,501.6,1320.9,0.0,0.0,Unclassified,99
Tahj Brooks,RB,24.1,1659,456.4,1298.2,1.0666667222976685,1.0,Unclassified,99
Luke McCaffrey,WR,25.2,1653,2689.2,1963.9,5.690151214599609,2.0,Unclassified,99
Jahan Dotson,WR,26.3,1643,3965.0,2339.6,8.389610290527344,4.0,Unclassified,99
Andrei Iosivas,WR,26.7,1637,3345.1,2149.4,7.077906131744385,3.0,Unclassified,99
Marquise Brown,WR,29.1,1635,5262.5,2723.2,11.13499927520752,3.0,Unclassified,99
Xavier Hutchinson,WR,26.1,1621,1910.0,1707.7,4.041414260864258,3.0,Unclassified,99
Garrett Nussmeier,QB,,1616,484.8,1276.6,0.0,0.0,Unclassified,99
Will Shipley,RB,23.8,1614,820.8,1376.0,1.9181818962097168,1.0,Unclassified,99
Spencer Rattler,QB,25.8,1612,4954.1,2614.6,12.225177764892578,2.0,Unclassified,99
Roman Wilson,WR,25.0,1588,2741.1,1933.9,5.799999713897705,1.0,Unclassified,99
Jordan Whittington,WR,25.7,1566,2669.7,1897.1,5.648809432983398,2.0,Unclassified,99
Najee Harris,RB,28.3,1563,5192.0,2651.7,12.134182929992676,3.0,Unclassified,99
Tutu Atwell,WR,26.7,1561,3338.3,2094.2,7.063511371612549,3.0,Unclassified,99
Eli Raridon,TE,22.4,1552,465.6,1226.1,0.0,0.0,Unclassified,99
Joshua Palmer,WR,26.8,1545,4486.4,2427.4,9.492777824401855,4.0,Unclassified,99
Jimmy Horn,WR,23.8,1542,1356.4,1486.3,2.869999885559082,1.0,Unclassified,99
Brenen Thompson,WR,22.9,1530,459.0,1208.7,0.0,0.0,Unclassified,99
KeAndre Lambert-Smith,WR,24.7,1525,457.5,1204.8,0.0,0.0,Unclassified,99
Jerome Ford,RB,26.8,1523,3601.6,2146.6,8.417327880859375,3.0,Unclassified,99
Darius Slayton,WR,29.4,1511,4158.9,2305.4,8.799832344055176,4.0,Unclassified,99
Noah Gray,TE,27.2,1509,3223.5,2023.4,5.172560214996338,4.0,Unclassified,99
Audric Estime,RB,22.8,1500,1602.9,1530.9,3.7461538314819336,1.0,Unclassified,99
Isaac Guerendo,RB,26.0,1491,4116.2,2278.6,9.619999885559082,1.0,Unclassified,99
Damien Martinez,RB,22.4,1486,445.8,1173.9,0.0,0.0,Unclassified,99
Roschon Johnson,RB,25.4,1477,2836.1,1884.7,6.62833309173584,2.0,Unclassified,99
Mike Gesicki,TE,30.7,1470,4702.7,2439.8,7.5461106300354,4.0,Unclassified,99
Treylon Burks,WR,26.3,1468,2808.9,1870.3,5.943307876586914,3.0,Unclassified,99
Devaughn Vele,WR,28.5,1449,3838.0,2165.7,8.120833396911621,2.0,Unclassified,99
John Metchie,WR,25.9,1439,2369.2,1718.1,5.0130228996276855,3.0,Unclassified,99
Daniel Bellinger,TE,25.8,1433,3488.1,2049.5,5.597136974334717,4.0,Unclassified,99
Calvin Austin III,WR,27.3,1431,2866.6,1861.7,6.065395355224609,3.0,Unclassified,99
Jaleel McLaughlin,RB,25.8,1421,2295.6,1683.4,5.36514139175415,3.0,Unclassified,99
Noah Fant,TE,28.6,1407,4465.6,2324.6,7.1657328605651855,4.0,Unclassified,99
Devontez Walker,WR,25.0,1405,421.5,1109.9,0.0,0.0,Unclassified,99
Tyson Bagent,QB,26.0,1400,420.0,1106.0,0.0,0.0,Unclassified,99
Cade Stover,TE,26.0,1400,2294.9,1668.5,3.682467460632324,2.0,Unclassified,99
Bryce Lance,WR,23.8,1399,419.7,1105.2,0.0,0.0,Unclassified,99
Chris Brooks,RB,26.5,1393,1360.3,1383.2,3.179166793823242,2.0,Unclassified,99
Ja'Lynn Polk,WR,24.2,1393,1931.8,1554.6,4.087500095367432,1.0,Unclassified,99
Malik Davis,RB,27.6,1390,2191.7,1630.5,5.122222423553467,2.0,Unclassified,99
Zavion Thomas,WR,,1388,416.4,1096.5,0.0,0.0,Unclassified,99
Tahj Washington,WR,25.1,1373,411.9,1084.7,0.0,0.0,Unclassified,99
George Holani,RB,26.5,1361,1654.5,1449.0,3.866666793823242,1.0,Unclassified,99
Justice Hill,RB,28.6,1357,3415.6,1974.6,7.982597827911377,4.0,Unclassified,99
Caleb Douglas,WR,22.8,1352,405.6,1068.1,0.0,0.0,Unclassified,99
Dyami Brown,WR,26.6,1347,2681.5,1747.4,5.6737961769104,3.0,Unclassified,99
Dillon Gabriel,QB,25.5,1318,4172.8,2174.4,10.29714298248291,1.0,Unclassified,99
Eli Heidenreich,RB,23.0,1316,394.8,1039.6,0.0,0.0,Unclassified,99
Jameis Winston,QB,32.5,1309,5125.9,2454.1,12.649090766906738,1.0,Unclassified,99
Konata Mumpfield,WR,23.7,1303,1795.9,1450.9,3.799999952316284,1.0,Unclassified,99
Raheim Sanders,RB,24.0,1299,389.7,1026.2,0.0,0.0,Unclassified,99
Tyler Higbee,TE,33.5,1297,5291.8,2495.4,8.491414070129395,3.0,Unclassified,99
Kendrick Bourne,WR,30.9,1280,4211.3,2159.4,8.910714149475098,4.0,Unclassified,99
Davis Mills,QB,27.7,1273,4964.5,2380.4,12.250666618347168,2.0,Unclassified,99
Olamide Zaccheaus,WR,28.9,1264,3335.4,1885.4,7.057516574859619,4.0,Unclassified,99
Marcus Mariota,QB,32.7,1257,6180.5,2734.0,15.251453399658203,2.0,Unclassified,99
Erick All,TE,25.8,1257,3187.2,1836.1,5.114285469055176,1.0,Unclassified,99
Devin Singletary,RB,28.8,1252,4002.7,2077.2,9.354814529418945,4.0,Unclassified,99
Will Levis,QB,27.0,1251,4962.4,2364.4,12.245656967163086,2.0,Unclassified,99
Tommy Tremble,TE,26.1,1248,3205.6,1835.3,5.143869400024414,4.0,Unclassified,99
Keenan Allen,WR,34.2,1236,7901.3,3235.6,16.718507766723633,4.0,Unclassified,99
Ty Johnson,RB,28.8,1233,2362.1,1571.7,5.520577907562256,4.0,Unclassified,99
Tanner McKee,QB,26.2,1228,368.4,970.1,0.0,0.0,Unclassified,99
Tai Felton,WR,23.3,1221,366.3,964.6,0.0,0.0,Unclassified,99
Jalin Hyatt,WR,24.8,1218,2849.8,1707.5,6.029999732971191,1.0,Unclassified,99
Malachi Corley,WR,24.3,1218,1244.5,1225.9,2.633333444595337,1.0,Unclassified,99
Rasheen Ali,RB,25.4,1216,1479.2,1295.0,3.4571430683135986,1.0,Unclassified,99
Xavier Restrepo,WR,24.2,1213,363.9,958.3,0.0,0.0,Unclassified,99
Tyler Huntley,QB,28.4,1211,4758.9,2275.4,11.743332862854004,1.0,Unclassified,99
Elijah Higgins,TE,25.7,1198,2620.5,1624.8,4.204990863800049,3.0,Unclassified,99
Mitchell Evans,TE,23.3,1194,2730.7,1655.0,4.3818182945251465,1.0,Unclassified,99
Adam Randall,RB,,1194,358.2,943.3,0.0,0.0,Unclassified,99
Kameron Johnson,WR,24.3,1193,357.9,942.5,0.0,0.0,Unclassified,99
Efton Chism,WR,24.7,1189,356.7,939.3,0.0,0.0,Unclassified,99
Phil Mafah,RB,23.7,1183,354.9,934.6,0.0,0.0,Unclassified,99
Michael Trigg,TE,,1163,348.9,918.8,0.0,0.0,Unclassified,99
Emari Demercado,RB,27.4,1161,2432.1,1542.3,5.683990478515625,3.0,Unclassified,99
Donovan Edwards,RB,23.3,1158,347.4,914.8,0.0,0.0,Unclassified,99
Deion Burks,WR,,1157,347.1,914.0,0.0,0.0,Unclassified,99
Greg Dortch,WR,28.1,1153,3904.4,1978.4,8.261489868164062,4.0,Unclassified,99
Elijah Moore,WR,26.2,1144,3465.2,1840.4,7.331975936889648,4.0,Unclassified,99
Luke Schoonmaker,TE,27.8,1144,2563.8,1569.9,4.114057540893555,3.0,Unclassified,99
Trey Palmer,WR,25.2,1136,2635.9,1586.0,5.577444076538086,2.0,Unclassified,99
KaVontae Turpin,WR,29.9,1123,2731.2,1605.5,5.778968334197998,3.0,Unclassified,99
Gabriel Davis,WR,27.2,1121,4984.3,2280.0,10.546297073364258,4.0,Unclassified,99
Joe Flacco,QB,41.4,1120,6611.8,2767.5,16.315664291381836,3.0,Unclassified,99
Gardner Minshew,QB,30.1,1117,5088.2,2308.4,12.555999755859375,2.0,Unclassified,99
Trey Lance,QB,26.1,1117,335.1,882.4,0.0,0.0,Unclassified,99
Mack Hollins,WR,32.8,1110,3993.4,1975.0,8.449779510498047,4.0,Unclassified,99
Jordan Watkins,WR,24.4,1097,329.1,866.6,0.0,0.0,Unclassified,99
Javon Baker,WR,24.4,1094,328.2,864.3,0.0,0.0,Unclassified,99
Jacob Cowing,WR,25.4,1082,324.6,854.8,0.0,0.0,Unclassified,99
Sam Howell,QB,25.8,1075,6592.1,2730.1,16.267059326171875,1.0,Unclassified,99
Jonathan Mingo,WR,25.2,1070,2096.8,1378.0,4.436666965484619,2.0,Unclassified,99
Kalel Mullings,RB,23.7,1070,321.0,845.3,0.0,0.0,Unclassified,99
Kenny Pickett,QB,28.1,1065,4373.1,2057.4,10.791410446166992,2.0,Unclassified,99
Bam Knight,RB,25.2,1053,4016.3,1942.0,9.386507987976074,2.0,Unclassified,99
Joe Mixon,RB,29.9,1047,6983.8,2828.0,16.321813583374023,3.0,Unclassified,99
Tyler Goodson,RB,25.6,1034,1346.3,1127.7,3.1464285850524902,2.0,Unclassified,99
Seth McGowan,RB,,1031,309.3,814.5,0.0,0.0,Unclassified,99
Isaiah Hodgins,WR,27.7,1025,4171.8,1969.0,8.827272415161133,2.0,Unclassified,99
Jake Bobo,WR,27.9,1023,1814.1,1260.3,3.8384616374969482,2.0,Unclassified,99
Kenny McIntosh,RB,26.3,1018,1369.2,1123.4,3.200000047683716,1.0,Unclassified,99
Charlie Kolar,TE,27.4,1016,2579.6,1485.1,4.139286041259766,3.0,Unclassified,99
Brevin Jordan,TE,26.0,1014,3084.8,1635.2,4.949999809265137,2.0,Unclassified,99
Jared Wiley,TE,25.6,1010,303.0,797.9,0.0,0.0,Unclassified,99
Tyrell Shavers,WR,26.9,1003,2515.3,1456.7,5.3222222328186035,1.0,Unclassified,99
Taylen Green,QB,,999,299.7,789.2,0.0,0.0,Unclassified,99
Dameon Pierce,RB,26.4,996,3263.6,1676.3,7.627272129058838,3.0,Unclassified,99
Israel Abanikanda,RB,23.7,994,298.2,785.3,0.0,0.0,Unclassified,99
Skyy Moore,WR,25.8,993,1661.9,1193.7,3.5163888931274414,3.0,Unclassified,99
Arian Smith,WR,24.7,993,708.9,907.8,1.5,1.0,Unclassified,99
Nick Westbrook-Ikhine,WR,29.3,986,3834.6,1840.6,8.113752365112305,4.0,Unclassified,99
Jonnu Smith,TE,30.8,984,5915.5,2463.4,9.49226188659668,4.0,Unclassified,99
Michael Carter,RB,27.1,976,2854.5,1539.6,6.671154022216797,3.0,Unclassified,99
Bo Melton,WR,27.1,972,2478.3,1423.9,5.2439398765563965,3.0,Unclassified,99
Tyler Badie,RB,26.4,970,1069.7,999.9,2.5,1.0,Unclassified,99
David Bell,WR,25.5,970,2728.3,1497.5,5.772916793823242,2.0,Unclassified,99
Drew Lock,QB,29.6,960,5044.7,2185.4,12.44857120513916,1.0,Unclassified,99
Sione Vaki,RB,24.9,957,287.1,756.0,0.0,0.0,Unclassified,99
CJ Daniels,WR,24.5,952,285.6,752.1,0.0,0.0,Unclassified,99
Zach Ertz,TE,35.6,936,6683.0,2660.1,10.723889350891113,4.0,Unclassified,99
Tyler Scott,WR,24.7,935,1512.3,1108.2,3.200000047683716,1.0,Unclassified,99
Lil'Jordan Humphrey,WR,28.2,934,2842.4,1506.5,6.0143818855285645,3.0,Unclassified,99
Zach Wilson,QB,26.9,933,4640.6,2045.3,11.45138931274414,2.0,Unclassified,99
Cyrus Allen,WR,,922,276.6,728.4,0.0,0.0,Unclassified,99
Mason Tipton,WR,25.8,915,1613.6,1124.6,3.414285659790039,1.0,Unclassified,99
J'Mari Taylor,RB,,912,273.6,720.5,0.0,0.0,Unclassified,99
Brock Wright,TE,27.6,887,3504.1,1672.1,5.622777462005615,4.0,Unclassified,99
Jamari Thrash,WR,25.5,884,1397.6,1038.1,2.9571430683135986,1.0,Unclassified,99
Hassan Haskins,RB,26.6,877,1549.8,1078.8,3.622142791748047,2.0,Unclassified,99
Davis Allen,TE,25.4,876,2795.4,1451.8,4.485714435577393,1.0,Unclassified,99
Le'Veon Moss,RB,23.6,875,262.5,691.2,0.0,0.0,Unclassified,99
Sam Roush,TE,,856,256.8,676.2,0.0,0.0,Unclassified,99
Xavier Gipson,WR,25.3,852,1676.5,1099.4,3.547435760498047,2.0,Unclassified,99
Jawhar Jordan,RB,26.9,851,255.3,672.3,0.0,0.0,Unclassified,99
Demarcus Robinson,WR,31.8,845,4304.0,1882.7,9.106990814208984,4.0,Unclassified,99
Frank Gore Jr.,RB,24.3,830,249.0,655.7,0.0,0.0,Unclassified,99
Cole Payton,QB,,826,247.8,652.5,0.0,0.0,Unclassified,99
Brenden Rice,WR,24.3,805,241.5,636.0,0.0,0.0,Unclassified,99
Matthew Hibner,TE,,804,241.2,635.2,0.0,0.0,Unclassified,99
Kendall Milton,RB,24.4,798,239.4,630.4,0.0,0.0,Unclassified,99
Jam Miller,RB,,798,239.4,630.4,0.0,0.0,Unclassified,99
Bub Means,WR,25.5,790,237.0,624.1,0.0,0.0,Unclassified,99
Zavier Scott,RB,27.0,788,2107.3,1183.8,4.924999713897705,1.0,Unclassified,99
Alexander Mattison,RB,28.0,736,3399.5,1535.0,7.944854736328125,3.0,Unclassified,99
Barion Brown,WR,22.5,713,213.9,563.3,0.0,0.0,Unclassified,99
Ty Chandler,RB,28.1,702,2269.7,1172.3,5.304615497589111,2.0,Unclassified,99
Jack Endries,TE,,690,207.0,545.1,0.0,0.0,Unclassified,99
Kareem Hunt,RB,30.9,624,4093.8,1664.9,9.567646980285645,4.0,Unclassified,99
Ainias Smith,WR,25.1,623,186.9,492.2,0.0,0.0,Unclassified,99
Samaje Perine,RB,30.8,613,3138.7,1370.7,7.335371494293213,4.0,Unclassified,99
Tyler Johnson,WR,27.8,603,3089.0,1348.8,6.536110877990723,2.0,Unclassified,99
Terrell Jennings,RB,25.3,553,165.9,436.9,0.0,0.0,Unclassified,99
Johnny Wilson,WR,25.2,551,165.3,435.3,0.0,0.0,Unclassified,99
Van Jefferson,WR,29.9,544,3081.2,1305.2,6.51965856552124,4.0,Unclassified,99
Mason Rudolph,QB,31.0,542,5207.3,1941.6,12.850000381469727,1.0,Unclassified,99
Kyle McCord,QB,23.8,530,159.0,418.7,0.0,0.0,Unclassified,99
Jeremy Ruckert,TE,25.9,528,2048.9,984.3,3.287710428237915,3.0,Unclassified,99
AJ Dillon,RB,28.2,521,2788.2,1201.2,6.516274929046631,3.0,Unclassified,99
Elijah Mitchell,RB,28.2,509,2892.9,1224.2,6.7610392570495605,2.0,Unclassified,99
Grant Calcaterra,TE,27.6,508,2595.1,1134.1,4.164285659790039,2.0,Unclassified,99
LaJohntay Wester,WR,24.2,508,152.4,401.3,0.0,0.0,Unclassified,99
Aidan O'Connell,QB,27.8,505,4714.8,1767.9,11.634647369384766,2.0,Unclassified,99
Derius Davis,WR,25.8,503,1346.4,756.0,2.8488097190856934,2.0,Unclassified,99
Harrison Bryant,TE,28.2,501,3154.6,1297.1,5.0619659423828125,2.0,Unclassified,99
Nathan Carter,RB,24.1,500,150.0,395.0,0.0,0.0,Unclassified,99
Thomas Fidone,TE,23.8,499,149.7,394.2,0.0,0.0,Unclassified,99
Tyler Conklin,TE,30.9,498,4862.2,1807.3,7.802083492279053,3.0,Unclassified,99
Jake Browning,QB,30.2,496,7575.0,2619.7,18.6924991607666,1.0,Unclassified,99
Kalif Raymond,WR,31.9,491,2982.1,1238.3,6.309803485870361,4.0,Unclassified,99
Cam Akers,RB,27.0,488,3315.3,1336.2,7.7480950355529785,3.0,Unclassified,99
Tyrod Taylor,QB,36.9,488,3660.9,1439.9,9.0339994430542,1.0,Unclassified,99
Khalil Herbert,RB,28.2,488,3191.1,1298.9,7.45801305770874,3.0,Unclassified,99
